0x2dc68L,3,0,2,0,23,2,0,0,2,0,1,0,2,0,18,
0x2dcc8L,1,0,2,0,7,0,0,0,0,0,1,0,2,0,4,
0x2dce4L,1,0,1,0,3,0,0,0,0,0,0,0,1,0,2,
0x2dcf0L,0,0,1,0,2,0,0,0,0,0,0,0,1,0,1,
0x2dcf8L,1,0,1,0,3,0,0,0,0,0,0,0,1,0,2,
0x2dd04L,1,0,2,0,8,0,0,0,0,0,0,0,2,0,6,
0x2dd24L,1,0,1,0,3,0,0,0,0,0,0,0,1,0,2,
0x2dd30L,1,0,2,0,5,0,1,0,0,1,0,0,2,0,2,
0x2dd44L,0,0,0,0,1,0,0,0,0,0,0,0,0,0,1,
0x2dd48L,2,0,0,0,4,0,0,0,0,0,0,0,0,0,4,
0x2dd58L,0,0,1,0,2,0,0,0,0,0,0,0,1,0,1,
0x2dd60L,3,0,3,0,19,4,0,0,4,0,1,0,3,0,11,
0x2ddacL,1,0,1,0,6,0,0,0,0,0,1,0,1,0,4,
0x2ddc4L,0,0,0,0,1,0,0,0,0,0,0,0,0,0,1,
0x2ddc8L,1,0,2,0,11,1,0,0,1,0,0,0,2,0,8,
0x2ddf4L,1,0,1,0,2,0,0,0,0,0,0,0,1,0,1,
0x2ddfcL,1,0,1,0,5,2,0,0,2,0,0,0,1,0,2,
0x2de10L,1,0,1,0,3,0,0,0,0,0,0,0,1,0,2,
0x2de1cL,0,0,1,0,3,0,0,0,0,0,0,0,1,0,2,
0x2de28L,0,0,1,0,9,4,0,0,4,0,0,0,1,0,4,
0x2de4cL,0,0,0,0,1,0,0,0,0,0,0,0,0,0,1,
0x2de50L,1,0,0,0,11,1,0,0,1,0,0,0,0,1,9,
0x2de7cL,2,0,1,0,5,0,0,0,0,0,0,0,1,0,4,
0x2de90L,1,0,2,0,7,0,0,0,0,0,0,0,2,0,5,
0x2deacL,1,0,1,0,11,3,0,0,3,0,1,0,1,0,6,
0x2ded8L,0,0,1,0,3,0,0,0,0,0,1,0,1,0,1,
0x2dee4L,1,0,1,0,2,0,0,0,0,0,0,0,1,0,1,
0x2deecL,2,0,0,0,7,3,0,0,3,0,1,0,0,0,3,
0x2df08L,4,0,1,0,40,5,0,0,5,4,1,0,1,0,29,
0x2dfa8L,3,0,2,0,8,2,0,0,2,0,0,0,1,1,4,
0x2dfc8L,0,0,1,0,4,0,0,0,0,0,0,0,1,0,3,
0x2dfd8L,0,0,1,0,5,1,0,0,1,0,0,0,1,0,3,
0x2dfecL,1,0,1,0,4,1,0,0,1,0,0,0,1,0,2,
0x2dffcL,3,0,0,0,28,2,0,0,2,3,0,0,0,0,23,
0x2e06cL,1,0,2,0,8,0,0,0,0,0,0,0,2,0,6,
0x2e08cL,0,0,1,0,3,0,0,0,0,0,0,0,1,0,2,
0x2e098L,1,0,1,0,11,1,0,0,1,0,0,0,1,0,9,
0x2e0c4L,0,0,0,0,1,0,0,0,0,0,0,0,0,0,1,
0x2e0c8L,2,0,0,0,15,1,0,0,1,0,0,0,0,1,13,
0x2e104L,0,0,1,0,3,2,0,0,2,0,0,0,0,1,0,
0x2e110L,2,0,2,0,9,2,0,0,2,0,0,0,1,1,5,
0x2e134L,0,0,1,0,2,0,0,0,0,0,0,0,0,1,1,
0x2e13cL,6,0,2,0,9,2,0,0,2,0,0,0,1,1,5,
0x2e160L,3,0,2,0,9,0,1,0,0,1,0,0,2,0,6,
0x2e184L,4,0,4,0,20,0,0,0,0,0,1,0,4,0,15,
0x2e1d4L,2,0,1,0,8,0,0,0,0,0,0,0,1,0,7,
0x2e1f4L,2,0,2,0,8,0,0,0,0,0,0,0,1,1,6,
0x2e214L,1,0,2,0,7,0,0,0,0,1,0,0,1,1,4,
0x2e230L,2,0,1,0,6,1,0,0,1,0,0,0,1,0,4,
0x2e248L,5,0,2,0,8,2,0,0,2,0,0,0,1,1,4,
0x2e268L,2,0,1,0,5,0,0,0,0,0,0,0,1,0,4,
0x2e27cL,1,0,2,0,7,0,0,0,0,0,0,0,2,0,5,
0x2e298L,3,0,3,0,15,0,0,0,0,0,0,0,2,1,12,
0x2e2d4L,1,0,1,0,2,0,0,0,0,0,0,0,0,1,1,
