0x296e0L,7,0,5,0,36,3,0,0,3,0,0,0,5,0,28,
0x29774L,3,0,2,0,9,1,1,0,1,1,0,0,2,0,5,
0x29798L,2,0,2,0,6,0,1,0,0,1,0,0,2,0,3,
0x297b0L,1,0,1,0,3,0,0,0,0,0,0,0,1,0,2,
0x297bcL,0,0,0,0,3,1,0,0,1,0,1,0,0,0,1,
0x297c8L,0,0,1,0,2,0,0,0,0,0,1,0,1,0,0,
0x297d0L,0,0,0,0,1,0,0,0,0,0,1,0,0,0,0,
0x297d4L,0,0,1,0,2,0,0,0,0,0,1,0,1,0,0,
0x297dcL,2,0,3,0,10,0,0,0,0,0,0,0,3,0,7,
0x29804L,1,0,1,0,7,0,0,0,0,0,0,0,1,0,6,
0x29820L,0,0,1,0,4,0,0,0,0,0,2,0,1,0,1,
0x29830L,0,0,0,0,1,0,0,0,0,0,1,0,0,0,0,
0x29834L,0,0,1,0,2,0,0,0,0,0,1,0,1,0,0,
0x2983cL,0,0,1,0,3,0,0,0,0,0,2,0,1,0,0,
0x29848L,4,0,2,0,11,0,0,0,0,0,0,0,2,0,9,
0x29874L,1,0,2,0,6,0,0,0,0,0,0,0,2,0,4,
0x2988cL,1,0,0,0,3,0,0,0,0,0,0,0,0,0,3,
0x29898L,0,0,0,0,1,0,0,0,0,0,0,0,0,0,1,
0x2989cL,0,0,1,0,1,0,0,0,0,0,0,0,0,1,0,
0x298a0L,0,0,0,0,1,0,0,0,0,0,0,0,0,0,1,
0x298a4L,1,0,2,0,6,0,0,0,0,0,0,0,2,0,4,
0x298bcL,1,0,0,0,1,0,0,0,0,0,0,0,0,0,1,
0x298c0L,1,0,2,0,8,1,0,0,1,0,0,0,1,1,5,
0x298e0L,0,0,1,0,2,0,0,0,0,0,1,0,1,0,0,
0x298e8L,1,0,1,0,3,0,0,0,0,0,1,0,1,0,1,
0x298f4L,1,0,1,0,3,0,0,0,0,0,1,0,1,0,1,
0x29900L,0,0,1,0,2,0,0,0,0,0,1,0,1,0,0,
0x29908L,2,0,1,0,3,0,0,0,0,0,0,0,1,0,2,
0x29914L,1,0,1,0,2,0,0,0,0,0,0,0,1,0,1,
0x2991cL,1,0,1,0,2,0,0,0,0,0,0,0,1,0,1,
0x29924L,2,0,2,0,8,0,1,0,0,1,0,0,2,0,5,
0x29944L,2,0,2,0,10,0,0,0,0,0,0,0,2,0,8,
0x2996cL,1,0,0,0,4,1,0,0,1,0,0,0,0,0,3,
0x2997cL,2,0,1,0,6,1,0,0,1,0,0,0,1,0,4,
0x29994L,2,0,1,0,6,0,0,0,0,0,0,0,1,0,5,
0x299acL,1,0,0,0,4,0,0,0,0,0,0,0,0,0,4,
0x299bcL,1,0,0,0,3,1,0,0,1,0,0,0,0,0,2,
0x299c8L,0,0,1,0,2,0,0,0,0,0,0,0,1,0,1,
0x299d0L,1,0,1,0,5,0,0,0,0,0,0,0,1,0,4,
0x299e4L,1,0,0,0,11,1,0,0,1,0,0,0,0,1,9,
0x29a10L,1,0,1,0,2,0,0,0,0,0,0,0,1,0,1,
0x29a18L,1,0,1,0,3,0,0,0,0,0,1,0,1,0,1,
0x29a24L,2,0,1,0,4,1,0,0,1,0,1,0,1,0,1,
0x29a34L,1,0,2,0,6,0,0,0,0,0,0,0,2,0,4,
0x29a4cL,1,0,0,0,2,0,0,0,0,0,0,0,0,0,2,
0x29a54L,0,0,1,0,4,0,0,0,0,0,0,0,0,1,3,
0x29a64L,0,0,1,0,2,0,0,0,0,0,1,0,1,0,0,
0x29a6cL,1,0,1,0,3,0,0,0,0,0,1,0,1,0,1,
0x29a78L,0,0,1,0,3,1,0,0,1,0,1,0,1,0,0,
0x29a84L,1,0,1,0,3,0,0,0,0,0,0,0,1,0,2,
0x29a90L,3,0,2,0,8,0,0,0,0,0,0,0,2,0,6,
0x29ab0L,1,0,0,0,5,0,0,0,0,0,0,0,0,0,5,
0x29ac4L,0,0,1,0,4,0,0,0,0,0,0,0,1,0,3,
0x29ad4L,0,0,0,0,2,0,0,0,0,0,0,0,0,0,2,
0x29adcL,0,0,2,0,7,0,0,0,0,0,0,0,2,0,5,
0x29af8L,1,0,2,0,8,0,0,0,0,0,0,0,2,0,6,
0x29b18L,1,0,0,0,1,0,0,0,0,0,0,0,0,0,1,
0x29b1cL,1,0,2,0,7,0,0,0,0,0,0,0,1,1,5,
0x29b38L,0,0,1,0,2,0,0,0,0,0,1,0,1,0,0,
0x29b40L,1,0,1,0,3,0,0,0,0,0,1,0,1,0,1,
0x29b4cL,1,0,1,0,3,0,0,0,0,0,1,0,1,0,1,
0x29b58L,2,0,1,0,4,1,0,0,1,0,1,0,1,0,1,
0x29b68L,1,0,2,0,6,0,0,0,0,0,0,0,2,0,4,
0x29b80L,1,0,2,0,7,0,0,0,0,0,0,0,2,0,5,
0x29b9cL,1,0,0,0,2,0,0,0,0,0,0,0,0,0,2,
0x29ba4L,0,0,1,0,5,0,0,0,0,0,0,0,0,1,4,
0x29bb8L,1,0,1,0,2,0,0,0,0,0,0,0,1,0,1,
0x29bc0L,1,0,1,0,2,0,0,0,0,0,0,0,1,0,1,
0x29bc8L,1,0,1,0,2,0,0,0,0,0,0,0,1,0,1,
0x29bd0L,1,0,0,0,1,0,0,0,0,0,0,0,0,0,1,
0x29bd4L,3,0,0,0,4,0,0,0,0,0,0,0,0,0,4,
0x29be4L,2,0,2,0,8,1,0,0,1,0,0,0,1,1,5,
0x29c04L,2,0,0,0,7,1,0,0,1,0,0,0,0,0,6,
0x29c20L,0,0,1,0,2,0,0,0,0,0,0,0,1,0,1,
0x29c28L,2,0,1,0,6,0,0,0,0,0,0,0,1,0,5,
0x29c40L,2,0,1,0,5,0,1,0,0,1,0,0,1,0,3,
0x29c54L,1,0,1,0,2,0,0,0,0,0,0,0,1,0,1,
0x29c5cL,1,0,1,0,4,0,0,0,0,0,0,0,1,0,3,
0x29c6cL,1,0,2,0,5,0,0,0,0,0,0,0,2,0,3,
0x29c80L,1,0,2,0,6,0,0,0,0,0,0,0,2,0,4,
0x29c98L,2,0,0,0,22,2,0,0,2,0,0,0,0,0,20,
0x29cf0L,0,0,1,0,3,0,0,0,0,0,0,0,1,0,2,
0x29cfcL,0,0,1,0,2,0,0,0,0,0,0,0,1,0,1,
0x29d04L,1,0,1,0,3,0,0,0,0,0,0,0,1,0,2,
0x29d10L,0,0,1,0,2,0,0,0,0,0,0,0,1,0,1,
0x29d18L,1,0,1,0,3,0,0,0,0,0,0,0,1,0,2,
0x29d24L,1,0,2,0,10,0,0,0,0,0,1,0,1,1,7,
0x29d4cL,1,0,2,0,7,0,0,0,0,0,0,0,2,0,5,
0x29d68L,0,0,1,0,2,0,0,0,0,0,0,0,0,1,1,
0x29d70L,1,0,1,0,2,0,0,0,0,0,0,0,1,0,1,
0x29d78L,2,0,1,0,4,1,0,0,1,0,1,0,1,0,1,
0x29d88L,1,0,2,0,6,0,0,0,0,0,0,0,2,0,4,
0x29da0L,2,0,1,0,3,0,0,0,0,0,0,0,1,0,2,
0x29dacL,2,0,1,0,6,0,1,0,0,1,0,0,1,0,4,
0x29dc4L,1,0,1,0,4,0,0,0,0,0,0,0,0,1,3,
0x29dd4L,1,0,1,0,2,0,0,0,0,0,0,0,1,0,1,
0x29ddcL,2,0,1,0,4,1,0,0,1,0,1,0,1,0,1,
0x29decL,2,0,3,0,10,0,0,0,0,0,0,0,3,0,7,
0x29e14L,2,0,1,0,5,0,0,0,0,0,0,0,1,0,4,
0x29e28L,0,0,1,0,4,0,0,0,0,0,0,0,0,1,3,
0x29e38L,0,0,2,0,5,0,0,0,0,0,0,0,2,0,3,
0x29e4cL,1,0,1,0,6,0,0,0,0,0,0,0,0,1,5,
0x29e64L,2,0,2,0,14,0,0,0,0,0,0,0,2,0,12,
0x29e9cL,2,0,1,0,5,0,0,0,0,0,0,0,1,0,4,
0x29eb0L,0,0,0,0,3,0,0,0,0,0,0,0,0,0,3,
0x29ebcL,1,0,0,0,1,0,0,0,0,0,0,0,0,0,1,
0x29ec0L,0,0,2,0,6,0,0,0,0,0,0,0,2,0,4,
0x29ed8L,1,0,0,0,2,0,0,0,0,0,0,0,0,0,2,
0x29ee0L,0,0,1,0,4,0,0,0,0,0,0,0,0,1,3,
0x29ef0L,0,0,2,0,5,0,0,0,0,0,0,0,2,0,3,
0x29f04L,1,0,1,0,6,0,0,0,0,0,0,0,0,1,5,
0x29f1cL,0,0,2,0,5,0,0,0,0,0,0,0,2,0,3,
0x29f30L,2,0,2,0,8,0,0,0,0,0,0,0,2,0,6,
0x29f50L,0,0,1,0,3,0,0,0,0,0,0,0,0,1,2,
0x29f5cL,1,0,3,0,9,0,0,0,0,0,0,0,3,0,6,
0x29f80L,1,0,1,0,7,0,0,0,0,0,0,0,0,1,6,
0x29f9cL,3,0,2,0,10,0,0,0,0,0,0,0,2,0,8,
0x29fc4L,1,0,1,0,7,0,0,0,0,0,0,0,0,1,6,
0x29fe0L,1,0,1,0,2,0,0,0,0,0,0,0,1,0,1,
0x29fe8L,0,0,1,0,2,0,0,0,0,0,0,0,0,1,1,
0x29ff0L,1,0,1,0,4,0,0,0,0,0,0,0,0,1,3,
0x2a000L,1,0,1,0,2,0,0,0,0,0,0,0,1,0,1,
0x2a008L,0,0,1,0,3,1,0,0,1,0,1,0,1,0,0,
0x2a014L,3,0,4,0,15,0,0,0,0,0,0,0,4,0,11,
0x2a050L,1,0,1,0,4,0,0,0,0,0,0,0,1,0,3,
0x2a060L,0,0,0,0,3,0,0,0,0,0,0,0,0,0,3,
0x2a06cL,0,0,1,0,4,0,0,0,0,0,0,0,1,0,3,
0x2a07cL,1,0,2,0,8,0,0,0,0,0,0,0,1,1,6,
0x2a09cL,2,0,1,0,4,0,1,0,0,1,0,0,1,0,2,
0x2a0acL,1,0,2,0,6,0,0,0,0,0,0,0,2,0,4,
0x2a0c4L,1,0,1,0,3,0,0,0,0,0,0,0,1,0,2,
0x2a0d0L,1,0,1,0,6,0,0,0,0,0,0,0,0,1,5,
0x2a0e8L,2,0,1,0,3,0,0,0,0,0,1,0,1,0,1,
0x2a0f4L,1,0,1,0,3,0,0,0,0,0,0,0,1,0,2,
0x2a100L,3,0,2,0,13,0,0,0,0,0,0,0,2,0,11,
0x2a134L,2,0,1,0,9,0,1,0,0,1,0,0,1,0,7,
0x2a158L,1,0,1,0,4,0,1,0,0,1,0,0,1,0,2,
0x2a168L,0,0,1,0,6,0,1,0,0,1,0,0,0,1,4,
0x2a180L,1,0,1,0,2,0,0,0,0,0,0,0,0,1,1,
0x2a188L,0,0,1,0,2,0,0,0,0,0,0,0,0,1,1,
0x2a190L,1,0,1,0,3,0,0,0,0,0,0,0,0,1,2,
0x2a19cL,1,0,1,0,3,0,0,0,0,0,0,0,0,1,2,
0x2a1a8L,1,0,1,0,3,0,0,0,0,0,0,0,1,0,2,
0x2a1b4L,1,0,1,0,4,0,0,0,0,0,0,0,0,1,3,
0x2a1c4L,0,0,1,0,2,0,0,0,0,0,0,0,0,1,1,
0x2a1ccL,0,0,1,0,3,0,0,0,0,0,0,0,0,1,2,
0x2a1d8L,1,0,2,0,6,0,0,0,0,0,0,0,2,0,4,
0x2a1f0L,2,0,2,0,6,0,0,0,0,0,0,0,2,0,4,
0x2a208L,0,0,1,0,2,0,0,0,0,0,0,0,0,1,1,
0x2a210L,1,0,2,0,5,0,0,0,0,0,0,0,1,1,3,
0x2a224L,0,0,2,0,4,0,0,0,0,0,0,0,1,1,2,
0x2a234L,0,0,2,0,4,0,0,0,0,0,0,0,1,1,2,
0x2a244L,0,0,1,0,3,0,0,0,0,0,0,0,1,0,2,
0x2a250L,1,0,1,0,3,0,0,0,0,0,0,0,0,1,2,
0x2a25cL,1,0,1,0,4,0,0,0,0,0,0,0,0,1,3,
0x2a26cL,0,0,1,0,3,0,0,0,0,0,0,0,0,1,2,
0x2a278L,0,0,1,0,2,0,0,0,0,0,0,0,0,1,1,
0x2a280L,0,0,1,0,6,0,1,0,0,2,0,0,1,0,3,
0x2a298L,0,0,1,0,3,1,0,0,1,0,0,0,1,0,1,
0x2a2a4L,4,0,2,0,13,2,0,0,2,0,0,0,1,1,9,
0x2a2d8L,1,0,1,0,3,0,0,0,0,0,0,0,0,1,2,
0x2a2e4L,2,0,1,0,3,0,0,0,0,0,1,0,1,0,1,
0x2a2f0L,1,0,2,0,6,0,0,0,0,0,0,0,2,0,4,
0x2a308L,1,0,1,0,3,0,0,0,0,0,0,0,1,0,2,
0x2a314L,1,0,1,0,3,0,0,0,0,0,0,0,0,1,2,
0x2a320L,0,0,0,0,1,0,0,0,0,0,0,0,0,0,1,
0x2a324L,0,0,1,0,3,0,0,0,0,0,0,0,0,1,2,
0x2a330L,0,0,1,0,5,0,0,0,0,0,0,0,0,1,4,
0x2a344L,3,0,1,0,5,0,0,0,0,0,0,0,0,1,4,
0x2a358L,2,0,2,0,6,0,0,0,0,0,0,0,2,0,4,
0x2a370L,2,0,1,0,7,0,0,0,0,0,0,0,0,1,6,
0x2a38cL,3,0,2,0,9,1,0,0,1,0,0,0,1,1,6,
0x2a3b0L,0,0,0,0,1,1,0,0,1,0,0,0,0,0,0,
0x2a3b4L,9,0,3,0,21,0,2,0,0,2,0,0,2,1,16,
