0x2fbd8L,2,0,1,0,21,2,0,0,2,0,0,0,1,0,18,
0x2fc30L,0,0,1,0,2,0,0,0,0,0,0,0,1,0,1,
0x2fc38L,1,0,1,0,3,0,0,0,0,0,0,0,1,0,2,
0x2fc44L,2,0,0,0,9,1,0,0,1,0,0,0,0,0,8,
0x2fc68L,0,0,0,0,2,0,0,0,0,0,0,0,0,0,2,
0x2fc70L,1,0,0,0,10,1,0,0,1,0,0,0,0,1,8,
0x2fc98L,1,0,0,0,15,2,0,0,2,0,0,0,0,0,13,
0x2fcd4L,2,0,2,0,12,1,0,0,1,0,1,0,2,0,8,
0x2fd04L,0,0,1,0,2,0,0,0,0,0,0,0,1,0,1,
0x2fd0cL,4,0,1,0,31,4,3,0,4,6,0,0,1,0,20,
0x2fd88L,1,0,0,0,2,1,0,0,1,0,0,0,0,0,1,
0x2fd90L,1,0,2,0,8,0,0,0,0,0,0,0,2,0,6,
0x2fdb0L,1,0,1,0,10,0,0,0,0,0,0,0,1,0,9,
0x2fdd8L,0,0,1,0,15,0,0,0,0,0,0,0,1,0,14,
0x2fe14L,1,0,0,0,3,1,0,0,1,0,0,0,0,0,2,
0x2fe20L,2,0,0,0,17,2,0,0,2,0,0,0,0,1,14,
0x2fe64L,0,0,1,0,3,0,0,0,0,0,0,0,1,0,2,
0x2fe70L,0,0,1,0,2,0,0,0,0,0,0,0,0,1,1,
0x2fe78L,2,0,0,0,2,0,0,0,0,0,0,0,0,0,2,
0x2fe80L,5,0,3,0,14,0,0,0,0,0,0,0,2,1,11,
