0x41ce0L,3,0,2,0,21,2,0,0,2,0,0,0,2,0,17,
0x41d38L,1,0,2,0,8,0,0,0,0,0,0,0,2,0,6,
0x41d58L,0,0,1,0,3,0,0,0,0,0,0,0,1,0,2,
0x41d64L,0,0,2,0,6,0,0,0,0,0,0,0,2,0,4,
0x41d7cL,1,0,2,0,8,0,0,0,0,0,0,0,2,0,6,
0x41d9cL,1,0,2,0,12,0,0,0,0,0,0,0,2,0,10,
0x41dccL,6,0,3,0,18,3,0,0,3,1,1,0,3,0,10,
0x41e14L,3,0,4,0,23,0,0,0,0,0,0,0,4,0,19,
0x41e70L,2,0,2,0,8,0,0,0,0,0,0,0,2,0,6,
0x41e90L,3,0,4,0,14,0,0,0,0,0,0,0,3,1,10,
0x41ec8L,0,0,0,0,1,0,0,0,0,0,0,0,0,0,1,
0x41eccL,3,0,2,0,9,0,0,0,0,0,0,0,2,0,7,
0x41ef0L,2,0,1,0,16,1,0,0,1,0,0,0,1,1,13,
0x41f30L,0,0,0,0,1,0,0,0,0,0,0,0,0,0,1,
0x41f34L,3,0,3,0,10,0,0,0,0,0,0,0,2,1,7,
0x41f5cL,1,0,1,0,2,0,0,0,0,0,0,0,0,1,1,
