0x16cb0L,6,0,2,0,26,3,0,0,3,0,0,0,2,0,21,
0x16d1cL,0,0,0,0,1,0,0,0,0,0,0,0,0,0,1,
0x16d20L,1,0,0,0,10,1,0,0,1,0,0,0,0,1,8,
0x16d48L,2,0,2,0,6,0,0,0,0,0,0,0,2,0,4,
0x16d60L,2,0,2,0,6,0,0,0,0,0,0,0,2,0,4,
0x16d78L,1,0,1,0,5,0,0,0,0,0,0,0,1,0,4,
0x16d8cL,1,0,0,0,1,0,0,0,0,0,0,0,0,0,1,
0x16d90L,4,0,1,0,9,0,0,0,0,0,0,0,1,0,8,
0x16db4L,4,0,1,0,17,1,0,0,1,0,0,0,1,1,14,
0x16df8L,2,0,1,0,5,0,0,0,0,0,0,0,1,0,4,
0x16e0cL,1,0,1,0,2,0,0,0,0,0,0,0,1,0,1,
0x16e14L,1,0,1,0,7,0,0,0,0,1,0,0,1,0,5,
0x16e30L,0,0,1,0,4,1,1,0,1,1,0,0,1,0,1,
0x16e40L,5,0,2,0,16,0,2,0,0,2,0,0,1,1,12,
0x16e80L,1,0,1,0,4,0,0,0,0,0,0,0,1,0,3,
0x16e90L,1,0,1,0,3,0,0,0,0,0,0,0,0,1,2,
0x16e9cL,0,0,1,0,33,3,0,0,3,0,1,0,1,0,28,
0x16f20L,1,0,1,0,4,0,0,0,0,0,1,0,1,0,2,
0x16f30L,1,0,1,0,3,0,0,0,0,0,0,0,1,0,2,
0x16f3cL,1,0,2,0,14,3,0,0,3,0,0,0,2,0,9,
0x16f74L,0,0,1,0,4,0,0,0,0,0,0,0,1,0,3,
0x16f84L,0,0,0,0,1,0,0,0,0,0,0,0,0,0,1,
0x16f88L,0,0,1,0,2,0,0,0,0,0,0,0,1,0,1,
0x16f90L,0,0,1,0,3,0,0,0,0,0,0,0,1,0,2,
0x16f9cL,1,0,1,0,4,0,0,0,0,0,0,0,1,0,3,
0x16facL,1,0,2,0,6,0,0,0,0,0,0,0,2,0,4,
0x16fc4L,1,0,1,0,3,0,0,0,0,0,0,0,0,1,2,
0x16fd0L,0,0,2,0,9,1,0,0,1,0,0,0,1,1,6,
0x16ff4L,0,0,1,0,2,0,0,0,0,0,0,0,0,1,1,
0x16ffcL,1,0,0,0,2,0,0,0,0,0,0,0,0,0,2,
0x17004L,0,0,1,0,6,1,0,0,1,0,0,0,1,0,4,
0x1701cL,0,0,2,0,9,1,0,0,1,0,0,0,2,0,6,
0x17040L,2,0,1,0,4,0,1,0,0,1,0,0,1,0,2,
0x17050L,1,0,1,0,4,0,0,0,0,1,0,0,1,0,2,
0x17060L,1,0,1,0,3,0,0,0,0,0,1,0,1,0,1,
0x1706cL,2,0,4,0,19,1,0,0,1,0,0,0,4,0,14,
0x170b8L,0,0,1,0,4,0,0,0,0,0,0,0,1,0,3,
0x170c8L,0,0,0,0,2,0,0,0,0,0,0,0,0,0,2,
0x170d0L,0,0,1,0,3,0,0,0,0,0,0,0,1,0,2,
0x170dcL,1,0,1,0,4,0,0,0,0,0,0,0,1,0,3,
0x170ecL,4,0,2,0,10,0,0,0,0,0,0,0,1,1,8,
0x17114L,5,0,2,0,11,0,0,0,0,0,0,0,1,1,9,
0x17140L,1,0,0,0,1,0,0,0,0,0,0,0,0,0,1,
0x17144L,1,0,0,0,1,0,0,0,0,0,0,0,0,0,1,
0x17148L,3,0,2,0,9,0,0,0,0,0,0,0,1,1,7,
0x1716cL,1,0,1,0,6,0,0,0,0,1,0,0,1,0,4,
0x17184L,1,0,1,0,3,0,0,0,0,0,1,0,1,0,1,
0x17190L,0,0,1,0,5,1,0,0,1,0,0,0,1,0,3,
0x171a4L,1,0,1,0,4,0,0,0,0,0,0,0,1,0,3,
0x171b4L,4,0,2,0,10,0,0,0,0,0,0,0,1,1,8,
0x171dcL,1,0,0,0,1,0,0,0,0,0,0,0,0,0,1,
0x171e0L,0,0,2,0,4,0,0,0,0,0,0,0,2,0,2,
0x171f0L,0,0,1,0,2,0,0,0,0,0,0,0,0,1,1,
0x171f8L,0,0,1,0,2,0,0,0,0,0,0,0,1,0,1,
0x17200L,2,0,1,0,5,0,1,0,0,1,0,0,1,0,3,
0x17214L,5,0,2,0,11,0,0,0,0,0,0,0,1,1,9,
0x17240L,1,0,2,0,7,1,0,0,1,0,0,0,2,0,4,
0x1725cL,1,0,1,0,4,0,0,0,0,0,0,0,1,0,3,
0x1726cL,5,0,2,0,11,0,0,0,0,0,0,0,1,1,9,
0x17298L,5,0,2,0,11,0,0,0,0,0,0,0,1,1,9,
0x172c4L,1,0,1,0,5,0,0,0,0,0,1,0,1,0,3,
0x172d8L,1,0,1,0,4,1,0,0,1,0,0,0,1,0,2,
0x172e8L,4,0,2,0,10,0,0,0,0,0,0,0,1,1,8,
0x17310L,0,0,2,0,6,0,0,0,0,0,0,0,2,0,4,
0x17328L,5,0,2,0,11,0,0,0,0,0,0,0,1,1,9,
0x17354L,1,0,2,0,10,2,0,0,2,0,0,0,2,0,6,
0x1737cL,4,0,2,0,9,0,0,0,0,0,0,0,1,1,7,
0x173a0L,0,0,2,0,5,2,0,0,2,0,0,0,2,0,1,
0x173b4L,1,0,1,0,3,0,0,0,0,0,0,0,0,1,2,
0x173c0L,1,0,1,0,2,0,0,0,0,0,0,0,0,1,1,
0x173c8L,1,0,2,0,5,0,0,0,0,0,0,0,2,0,3,
0x173dcL,5,0,2,0,10,0,0,0,0,0,0,0,1,1,8,
