0x2365cL,3,0,1,0,19,2,0,0,2,0,0,0,1,0,16,
0x236acL,0,0,1,0,4,0,0,0,0,0,0,0,1,0,3,
0x236bcL,0,0,1,0,4,1,0,0,1,0,1,0,1,0,1,
0x236ccL,0,0,1,0,3,1,0,0,1,0,0,0,1,0,1,
0x236d8L,1,0,1,0,3,0,0,0,0,0,0,0,1,0,2,
0x236e4L,1,0,1,0,3,0,0,0,0,0,0,0,1,0,2,
0x236f0L,1,0,2,0,6,0,0,0,0,0,1,0,2,0,3,
0x23708L,0,0,1,0,2,0,0,0,0,0,0,0,1,0,1,
0x23710L,4,0,1,0,9,0,0,0,0,0,0,0,1,0,8,
0x23734L,0,0,0,0,1,0,0,0,0,0,0,0,0,0,1,
0x23738L,1,0,0,0,10,1,0,0,1,0,0,0,0,1,8,
0x23760L,1,0,1,0,3,1,0,0,1,0,0,0,1,0,1,
0x2376cL,1,0,0,0,12,1,0,0,1,0,0,0,0,1,10,
0x2379cL,0,0,2,0,8,1,0,0,1,0,0,0,2,0,5,
0x237bcL,1,0,1,0,6,3,0,0,3,0,0,0,1,0,2,
0x237d4L,4,0,2,0,25,2,0,0,2,1,0,0,2,0,20,
0x23838L,0,0,1,0,5,1,0,0,1,0,0,0,0,1,3,
0x2384cL,1,0,1,0,5,3,1,0,3,1,0,0,1,0,0,
0x23860L,3,0,1,0,26,5,0,0,5,1,0,0,1,0,19,
0x238c8L,3,0,2,0,9,0,1,0,0,1,0,0,2,0,6,
0x238ecL,0,0,1,0,3,0,0,0,0,0,0,0,1,0,2,
0x238f8L,0,0,1,0,3,0,0,0,0,0,0,0,1,0,2,
0x23904L,0,0,1,0,3,0,0,0,0,0,0,0,1,0,2,
0x23910L,0,0,0,0,1,0,0,0,0,0,0,0,0,0,1,
0x23914L,0,0,1,0,2,0,0,0,0,0,0,0,1,0,1,
0x2391cL,0,0,1,0,3,0,0,0,0,0,0,0,1,0,2,
0x23928L,0,0,1,0,3,0,0,0,0,0,0,0,1,0,2,
0x23934L,0,0,0,0,1,0,0,0,0,0,0,0,0,0,1,
0x23938L,1,0,1,0,5,3,0,0,3,0,0,0,1,0,1,
0x2394cL,2,0,1,0,15,2,0,0,2,1,0,0,1,0,11,
0x23988L,1,0,1,0,10,1,0,0,1,0,0,0,1,0,8,
0x239b0L,1,0,1,0,5,0,0,0,0,1,1,0,1,0,2,
0x239c4L,2,0,1,0,4,0,0,0,0,0,0,0,1,0,3,
0x239d4L,0,0,0,0,1,0,0,0,0,0,0,0,0,0,1,
0x239d8L,3,0,1,0,17,2,1,0,2,1,0,0,1,0,13,
0x23a1cL,0,0,0,0,3,1,0,0,1,0,0,0,0,0,2,
0x23a28L,1,0,1,0,4,0,0,0,0,0,0,0,1,0,3,
0x23a38L,0,0,1,0,4,0,0,0,0,0,0,0,1,0,3,
0x23a48L,1,0,0,0,1,0,0,0,0,0,0,0,0,0,1,
0x23a4cL,0,0,2,0,4,0,0,0,0,0,0,0,2,0,2,
0x23a5cL,0,0,0,0,1,0,0,0,0,0,0,0,0,0,1,
0x23a60L,0,0,1,0,4,2,0,0,2,1,0,0,1,0,0,
0x23a70L,0,0,1,0,4,0,0,0,0,0,0,0,0,1,3,
0x23a80L,1,0,1,0,5,1,0,0,1,0,0,0,0,1,3,
0x23a94L,0,0,2,0,6,0,0,0,0,0,1,0,2,0,3,
0x23aacL,3,0,2,0,43,9,1,0,9,4,0,0,1,1,28,
0x23b58L,0,0,1,0,2,0,0,0,0,0,0,0,1,0,1,
0x23b60L,2,0,1,0,4,1,0,0,1,0,1,0,1,0,1,
0x23b70L,4,0,1,0,45,5,0,0,5,0,0,0,0,1,39,
0x23c24L,0,0,1,0,3,0,0,0,0,0,0,0,1,0,2,
0x23c30L,0,0,1,0,2,0,0,0,0,0,0,0,0,1,1,
0x23c38L,1,0,3,0,11,2,0,0,2,0,0,0,3,0,6,
0x23c64L,3,0,2,0,9,1,0,0,1,0,1,0,2,0,5,
0x23c88L,1,0,1,0,3,0,0,0,0,0,0,0,1,0,2,
0x23c94L,0,0,2,0,4,0,0,0,0,0,0,0,2,0,2,
0x23ca4L,0,0,0,0,1,0,0,0,0,0,0,0,0,0,1,
0x23ca8L,2,0,1,0,7,4,0,0,4,0,0,0,1,0,2,
0x23cc4L,1,0,1,0,10,2,0,0,2,0,1,0,1,0,6,
0x23cecL,2,0,1,0,22,6,0,0,6,2,0,0,0,1,13,
0x23d44L,1,0,2,0,15,1,0,0,1,1,0,0,2,0,11,
0x23d80L,3,0,2,0,9,1,0,0,1,0,1,0,2,0,5,
0x23da4L,1,0,1,0,9,1,0,0,1,1,0,0,1,0,6,
0x23dc8L,1,0,2,0,7,1,0,0,1,0,0,0,1,1,4,
0x23de4L,0,0,1,0,3,0,0,0,0,0,0,0,1,0,2,
0x23df0L,0,0,1,0,3,0,0,0,0,0,0,0,1,0,2,
0x23dfcL,1,0,1,0,3,0,0,0,0,0,0,0,1,0,2,
0x23e08L,4,0,2,0,12,1,0,0,1,0,0,0,2,0,9,
0x23e38L,0,0,2,0,8,0,0,0,0,0,0,0,1,1,6,
0x23e58L,2,0,2,0,13,4,0,0,4,0,0,0,2,0,7,
0x23e8cL,3,0,2,0,25,2,0,0,2,1,0,0,2,0,20,
0x23ef0L,0,0,1,0,5,1,0,0,1,0,0,0,0,1,3,
0x23f04L,2,0,1,0,4,1,0,0,1,0,1,0,1,0,1,
0x23f14L,1,0,1,0,14,2,0,0,2,0,0,0,0,1,11,
0x23f4cL,0,0,1,0,2,0,0,0,0,0,0,0,0,1,1,
