0x375ecL,3,0,2,0,16,2,0,0,2,0,0,0,2,0,12,
0x37630L,1,0,1,0,4,0,0,0,0,0,0,0,1,0,3,
0x37640L,0,0,0,0,1,0,0,0,0,0,0,0,0,0,1,
0x37644L,1,0,1,0,3,0,0,0,0,0,0,0,1,0,2,
0x37650L,0,0,1,0,4,0,0,0,0,0,0,0,1,0,3,
0x37660L,1,0,1,0,2,0,0,0,0,0,0,0,1,0,1,
0x37668L,0,0,0,0,1,0,0,0,0,0,0,0,0,0,1,
0x3766cL,1,0,1,0,4,0,0,0,0,0,1,0,1,0,2,
0x3767cL,1,0,0,0,1,0,0,0,0,0,0,0,0,0,1,
0x37680L,3,0,0,0,4,0,0,0,0,0,0,0,0,0,4,
0x37690L,2,0,2,0,15,1,0,0,1,0,0,0,2,1,11,
0x376ccL,1,0,1,0,3,0,0,0,0,0,0,0,1,0,2,
0x376d8L,0,0,1,0,1,0,0,0,0,0,0,0,1,0,0,
0x376dcL,1,0,0,0,1,0,0,0,0,0,0,0,0,0,1,
0x376e0L,1,0,1,0,2,0,0,0,0,0,0,0,1,0,1,
0x376e8L,1,0,1,0,2,0,0,0,0,0,0,0,1,0,1,
0x376f0L,1,0,1,0,2,0,0,0,0,0,0,0,1,0,1,
0x376f8L,1,0,1,0,2,0,0,0,0,0,0,0,1,0,1,
0x37700L,1,0,1,0,2,0,0,0,0,0,0,0,1,0,1,
0x37708L,3,0,1,0,5,0,0,0,0,0,0,0,0,1,4,
0x3771cL,2,0,1,0,6,0,0,0,0,0,0,0,1,0,5,
0x37734L,0,0,0,0,1,0,0,0,0,0,0,0,0,0,1,
0x37738L,1,0,1,0,3,0,0,0,0,0,0,0,1,0,2,
0x37744L,0,0,2,0,5,0,0,0,0,0,0,0,2,0,3,
0x37758L,1,0,1,0,4,0,0,0,0,0,1,0,1,0,2,
0x37768L,1,0,0,0,1,0,0,0,0,0,0,0,0,0,1,
0x3776cL,0,0,1,0,11,2,0,0,2,0,0,0,1,0,8,
0x37798L,2,0,0,0,7,1,0,0,1,0,0,0,0,1,5,
0x377b4L,0,0,2,0,5,0,0,0,0,0,0,0,1,1,3,
0x377c8L,2,0,1,0,6,0,0,0,0,0,0,0,1,0,5,
0x377e0L,4,0,2,0,9,1,0,0,1,0,0,0,2,0,6,
0x37804L,1,0,0,0,1,0,0,0,0,0,0,0,0,0,1,
0x37808L,3,0,3,0,15,3,0,0,3,0,0,0,3,0,9,
0x37844L,1,0,1,0,3,0,0,0,0,0,0,0,1,0,2,
0x37850L,0,0,1,0,4,0,0,0,0,0,2,0,1,0,1,
0x37860L,1,0,1,0,2,0,0,0,0,0,0,0,1,0,1,
0x37868L,1,0,1,0,3,0,0,0,0,0,0,0,1,0,2,
0x37874L,0,0,0,0,2,0,0,0,0,0,0,0,0,0,2,
0x3787cL,1,0,2,0,6,0,0,0,0,0,0,0,2,0,4,
0x37894L,4,0,1,0,6,0,0,0,0,0,0,0,0,1,5,
0x378acL,3,0,1,0,5,0,0,0,0,0,0,0,0,1,4,
0x378c0L,1,0,0,0,8,1,0,0,1,0,0,0,0,1,6,
0x378e0L,0,0,1,0,4,2,0,0,2,0,0,0,1,0,1,
0x378f0L,0,0,1,0,3,0,0,0,0,0,0,0,0,1,2,
0x378fcL,4,0,1,0,6,0,0,0,0,0,0,0,0,1,5,
0x37914L,1,0,1,0,4,0,0,0,0,0,0,0,1,0,3,
0x37924L,1,0,1,0,3,1,0,0,1,0,0,0,0,1,1,
