0x3debcL,4,0,3,0,21,2,0,0,2,0,0,0,3,0,16,
0x3df14L,3,0,2,0,8,0,0,0,0,0,0,0,2,0,6,
0x3df34L,2,0,1,0,3,0,0,0,0,0,0,0,1,0,2,
0x3df40L,1,0,1,0,2,0,0,0,0,0,0,0,1,0,1,
0x3df48L,3,0,1,0,7,0,0,0,0,0,0,0,1,0,6,
0x3df64L,0,0,0,0,1,0,0,0,0,0,0,0,0,0,1,
0x3df68L,2,0,1,0,12,1,0,0,1,0,0,0,1,1,9,
0x3df98L,2,0,1,0,9,0,0,0,0,0,0,0,1,0,8,
0x3dfbcL,1,0,1,0,2,0,0,0,0,0,0,0,1,0,1,
0x3dfc4L,1,0,3,0,10,0,0,0,0,0,0,0,2,1,7,
0x3dfecL,5,0,1,0,17,1,0,0,1,0,0,0,1,1,14,
0x3e030L,2,0,2,0,8,0,0,0,0,0,0,0,1,1,6,
0x3e050L,4,0,2,0,9,0,0,0,0,0,0,0,1,1,7,
0x3e074L,3,0,2,0,8,0,0,0,0,0,0,0,1,1,6,
