0x35e98L,2,0,1,0,8,2,0,0,2,0,0,0,1,0,5,
0x35ebcL,7,0,2,0,11,2,0,0,2,0,0,0,2,0,7,
0x35ee8L,1,0,0,0,4,1,0,0,1,0,0,0,0,1,2,
0x35ef8L,1,0,1,0,3,0,0,0,0,0,0,0,1,0,2,
0x35f04L,1,0,1,0,4,0,0,0,0,0,0,0,1,0,3,
0x35f14L,1,0,1,0,3,0,0,0,0,0,0,0,1,0,2,
0x35f20L,0,0,1,0,3,0,0,0,0,0,0,0,1,0,2,
0x35f2cL,1,0,1,0,3,0,0,0,0,0,0,0,1,0,2,
0x35f38L,0,0,1,0,3,0,0,0,0,0,0,0,1,0,2,
0x35f44L,1,0,1,0,3,0,0,0,0,0,0,0,1,0,2,
0x35f50L,0,0,1,0,3,0,0,0,0,0,0,0,1,0,2,
0x35f5cL,1,0,1,0,3,0,0,0,0,0,0,0,1,0,2,
0x35f68L,0,0,1,0,3,0,0,0,0,0,0,0,1,0,2,
0x35f74L,1,0,1,0,3,0,0,0,0,0,0,0,1,0,2,
0x35f80L,0,0,1,0,3,0,0,0,0,0,0,0,1,0,2,
0x35f8cL,1,0,1,0,3,0,0,0,0,0,0,0,1,0,2,
0x35f98L,0,0,1,0,3,0,0,0,0,0,0,0,1,0,2,
0x35fa4L,1,0,1,0,3,0,0,0,0,0,0,0,1,0,2,
0x35fb0L,0,0,1,0,3,0,0,0,0,0,0,0,1,0,2,
0x35fbcL,1,0,1,0,3,0,0,0,0,0,0,0,1,0,2,
0x35fc8L,0,0,1,0,3,0,0,0,0,0,0,0,1,0,2,
0x35fd4L,1,0,1,0,3,0,0,0,0,0,0,0,1,0,2,
0x35fe0L,0,0,1,0,3,0,0,0,0,0,0,0,1,0,2,
0x35fecL,2,0,0,0,6,1,0,0,1,0,0,0,0,1,4,
