0x324d0L,2,0,1,0,14,2,0,0,2,0,0,0,1,0,11,
0x3250cL,0,0,1,0,5,0,2,0,0,2,0,0,1,0,2,
0x32520L,0,0,1,0,3,0,1,0,0,1,0,0,1,0,1,
0x3252cL,1,0,1,0,3,0,1,0,0,1,0,0,1,0,1,
0x32538L,1,0,1,0,3,0,0,0,0,0,0,0,1,0,2,
0x32544L,6,0,3,0,16,2,0,0,2,0,0,0,3,0,11,
0x32584L,0,0,0,0,1,0,1,0,0,1,0,0,0,0,0,
0x32588L,0,0,1,0,2,0,0,0,0,0,0,0,1,0,1,
0x32590L,0,0,1,0,2,0,1,0,0,1,0,0,1,0,0,
0x32598L,0,0,1,0,2,0,0,0,0,0,0,0,1,0,1,
0x325a0L,2,0,0,0,4,0,0,0,0,1,1,0,0,0,2,
0x325b0L,0,0,1,0,2,0,0,0,0,0,0,0,1,0,1,
0x325b8L,3,0,1,0,14,1,0,0,1,0,0,0,1,1,11,
0x325f0L,0,0,0,0,1,0,0,0,0,0,0,0,0,0,1,
0x325f4L,1,0,0,0,6,1,0,0,1,0,0,0,0,1,4,
0x3260cL,2,0,1,0,5,0,0,0,0,1,1,0,0,1,2,
0x32620L,0,0,2,0,4,0,0,0,0,0,0,0,2,0,2,
0x32630L,0,0,1,0,2,0,0,0,0,0,0,0,0,1,1,
0x32638L,1,0,2,0,5,0,0,0,0,0,0,0,1,1,3,
