0x32ea4L,2,0,1,0,19,2,0,0,2,0,0,0,1,0,16,
0x32ef4L,0,0,0,0,1,0,0,0,0,0,0,0,0,0,1,
0x32ef8L,0,0,2,0,11,2,1,0,2,1,0,0,2,0,6,
0x32f24L,1,0,1,0,2,0,0,0,0,0,0,0,1,0,1,
0x32f2cL,1,0,1,0,3,0,0,0,0,0,0,0,1,0,2,
0x32f38L,0,0,1,0,3,0,0,0,0,0,0,0,1,0,2,
0x32f44L,0,0,1,0,2,0,0,0,0,0,0,0,1,0,1,
0x32f4cL,0,0,1,0,3,1,0,0,1,0,0,0,0,1,1,
0x32f58L,0,0,0,0,1,0,0,0,0,0,0,0,0,0,1,
0x32f5cL,1,0,1,0,2,0,0,0,0,0,0,0,1,0,1,
0x32f64L,0,0,1,0,3,0,0,0,0,0,0,0,1,0,2,
0x32f70L,1,0,2,0,9,0,0,0,0,0,0,0,2,0,7,
0x32f94L,0,0,2,0,4,0,0,0,0,0,0,0,2,0,2,
0x32fa4L,0,0,1,0,6,4,0,0,4,0,1,0,1,0,0,
0x32fbcL,0,0,1,0,3,0,0,0,0,0,0,0,1,0,2,
0x32fc8L,1,0,1,0,3,0,0,0,0,0,0,0,1,0,2,
0x32fd4L,0,0,1,0,3,0,0,0,0,0,0,0,1,0,2,
0x32fe0L,0,0,1,0,2,0,0,0,0,0,0,0,0,1,1,
0x32fe8L,1,0,1,0,3,0,0,0,0,0,0,0,1,0,2,
0x32ff4L,0,0,1,0,7,4,0,0,4,0,1,0,1,0,1,
0x33010L,0,0,1,0,2,0,0,0,0,0,0,0,1,0,1,
0x33018L,0,0,0,0,1,0,0,0,0,0,0,0,0,0,1,
0x3301cL,0,0,0,0,1,0,0,0,0,0,0,0,0,0,1,
0x33020L,1,0,0,0,11,1,0,0,1,0,0,0,0,1,9,
0x3304cL,1,0,0,0,1,0,0,0,0,0,0,0,0,0,1,
0x33050L,0,0,2,0,5,0,0,0,0,0,0,0,1,1,3,
0x33064L,4,0,1,0,8,0,0,0,0,0,0,0,1,0,7,
0x33084L,1,0,1,0,2,0,0,0,0,0,0,0,1,0,1,
0x3308cL,0,0,1,0,3,0,0,0,0,0,0,0,1,0,2,
0x33098L,1,0,0,0,12,1,0,0,1,0,0,0,0,1,10,
0x330c8L,1,0,1,0,16,1,0,0,1,0,0,0,1,1,13,
0x33108L,7,0,3,0,15,0,0,0,0,0,0,0,2,1,12,
0x33144L,4,0,2,0,10,0,0,0,0,0,0,0,1,1,8,
