0x33e04L,2,0,1,0,9,2,0,0,2,0,0,0,1,0,6,
0x33e2cL,1,0,2,0,5,0,0,0,0,0,0,0,2,0,3,
0x33e40L,0,0,1,0,5,0,0,0,0,0,0,0,1,0,4,
0x33e54L,4,0,1,0,16,0,0,0,0,0,0,0,1,0,15,
0x33e94L,1,0,1,0,5,0,0,0,0,0,0,0,1,0,4,
0x33ea8L,3,0,4,0,14,2,0,0,2,0,0,0,4,0,8,
0x33ee0L,0,0,1,0,3,0,0,0,0,0,0,0,1,0,2,
0x33eecL,0,0,0,0,1,0,0,0,0,0,0,0,0,0,1,
0x33ef0L,1,0,1,0,5,0,0,0,0,0,0,0,1,0,4,
0x33f04L,1,0,0,0,4,1,0,0,1,0,0,0,0,1,2,
0x33f14L,4,0,0,0,5,0,0,0,0,0,0,0,0,0,5,
0x33f28L,1,0,1,0,8,1,0,0,1,0,0,0,1,1,5,
0x33f48L,1,0,2,0,6,0,0,0,0,0,0,0,1,1,4,
0x33f60L,0,0,1,0,5,0,0,0,0,0,0,0,1,0,4,
0x33f74L,0,0,3,0,12,0,0,0,0,0,1,0,2,1,8,
0x33fa4L,4,0,1,0,6,0,0,0,0,0,0,0,0,1,5,
