0x1be08L,2,0,1,0,23,2,0,0,2,0,0,0,1,0,20,
0x1be68L,0,0,1,0,3,0,0,0,0,0,0,0,1,0,2,
0x1be74L,0,0,1,0,4,0,0,0,0,0,0,0,1,0,3,
0x1be84L,0,0,1,0,2,0,0,0,0,0,0,0,1,0,1,
0x1be8cL,0,0,1,0,2,0,0,0,0,0,0,0,1,0,1,
0x1be94L,0,0,1,0,3,0,0,0,0,0,0,0,1,0,2,
0x1bea0L,1,0,1,0,3,0,0,0,0,0,0,0,1,0,2,
0x1beacL,0,0,2,0,4,0,0,0,0,0,0,0,2,0,2,
0x1bebcL,0,0,1,0,3,0,0,0,0,0,0,0,1,0,2,
0x1bec8L,0,0,0,0,1,0,0,0,0,0,0,0,0,0,1,
0x1beccL,0,0,1,0,3,0,0,0,0,0,0,0,1,0,2,
0x1bed8L,0,0,1,0,4,0,0,0,0,0,0,0,1,0,3,
0x1bee8L,1,0,1,0,3,0,0,0,0,0,0,0,1,0,2,
0x1bef4L,2,0,1,0,3,0,0,0,0,0,0,0,1,0,2,
0x1bf00L,0,0,1,0,2,0,0,0,0,0,0,0,0,1,1,
0x1bf08L,0,0,2,0,6,0,0,0,0,0,0,0,2,0,4,
0x1bf20L,1,0,0,0,12,1,0,0,1,0,0,0,0,1,10,
0x1bf50L,0,0,0,0,1,0,0,0,0,0,0,0,0,0,1,
0x1bf54L,0,0,1,0,2,0,0,0,0,0,0,0,1,0,1,
0x1bf5cL,0,0,0,0,1,0,0,0,0,0,0,0,0,0,1,
0x1bf60L,1,0,0,0,7,3,1,0,3,1,0,0,0,0,3,
0x1bf7cL,2,0,1,0,9,1,0,0,1,1,0,0,1,0,6,
0x1bfa0L,0,0,0,0,1,0,0,0,0,0,0,0,0,0,1,
0x1bfa4L,0,0,0,0,2,1,0,0,1,0,0,0,0,0,1,
0x1bfacL,0,0,1,0,3,1,0,0,1,0,0,0,1,0,1,
0x1bfb8L,2,0,1,0,4,0,0,0,0,0,1,0,1,0,2,
0x1bfc8L,0,0,0,0,3,0,0,0,0,0,0,0,0,0,3,
0x1bfd4L,0,0,1,0,7,1,0,0,1,0,0,0,1,0,5,
0x1bff0L,1,0,2,0,5,0,0,0,0,0,0,0,2,0,3,
0x1c004L,0,0,1,0,3,0,0,0,0,0,0,0,1,0,2,
0x1c010L,0,0,1,0,3,0,0,0,0,0,0,0,1,0,2,
0x1c01cL,0,0,0,0,3,1,0,0,1,0,0,0,0,0,2,
0x1c028L,3,0,2,0,18,1,0,0,1,1,0,0,2,0,14,
0x1c070L,1,0,0,0,13,1,0,0,1,0,0,0,0,1,11,
0x1c0a4L,2,0,0,0,16,1,0,0,1,0,0,0,0,1,14,
0x1c0e4L,0,0,0,0,1,0,0,0,0,0,0,0,0,0,1,
0x1c0e8L,3,0,1,0,16,4,1,0,4,2,0,0,1,0,9,
0x1c128L,1,0,1,0,5,0,0,0,0,1,1,0,1,0,2,
0x1c13cL,1,0,1,0,2,0,0,0,0,0,0,0,1,0,1,
0x1c144L,0,0,1,0,3,1,0,0,1,0,0,0,0,1,1,
0x1c150L,1,0,0,0,12,1,0,0,1,0,0,0,0,1,10,
0x1c180L,2,0,0,0,26,2,0,0,2,0,0,0,0,1,23,
0x1c1e8L,2,0,2,0,7,0,1,0,0,1,0,0,2,0,4,
0x1c208L,2,0,1,0,3,0,0,0,0,0,0,0,1,0,2,
0x1c214L,2,0,1,0,3,0,0,0,0,0,0,0,0,1,2,
0x1c220L,1,0,2,0,7,0,0,0,0,0,0,0,1,1,5,
0x1c23cL,2,0,3,0,10,0,0,0,0,0,0,0,3,0,7,
0x1c264L,1,0,1,0,2,0,0,0,0,0,0,0,0,1,1,
0x1c26cL,2,0,2,0,7,0,0,0,0,0,1,0,2,0,4,
0x1c288L,0,0,1,0,3,0,0,0,0,0,0,0,0,1,2,
0x1c294L,1,0,2,0,10,2,0,0,2,0,0,0,2,0,6,
0x1c2bcL,0,0,1,0,5,1,0,0,1,0,0,0,0,1,3,
0x1c2d0L,4,0,0,0,5,0,0,0,0,0,0,0,0,0,5,
0x1c2e4L,1,0,2,0,5,0,0,0,0,0,0,0,1,1,3,
0x1c2f8L,1,0,2,0,5,0,0,0,0,0,0,0,2,0,3,
0x1c30cL,1,0,1,0,2,0,0,0,0,0,0,0,0,1,1,
0x1c314L,4,0,2,0,12,1,0,0,1,0,0,0,2,0,9,
0x1c344L,2,0,1,0,3,0,0,0,0,0,1,0,1,0,1,
0x1c350L,0,0,1,0,8,2,0,0,2,0,0,0,0,1,5,
0x1c370L,3,0,1,0,5,0,0,0,0,0,0,0,0,1,4,
